<?xml version="1.0" encoding="UTF-8"?>
<!DOCTYPE struts PUBLIC "-//Apache Software Foundation//DTD Struts Configuration 2.5//EN" "http://struts.apache.org/dtds/struts-2.5.dtd">
<struts>
    <package name="default" namespace="/" extends="struts-default">

        <interceptors>
            <interceptor name="HSTS" class="com.keybox.common.interceptor.HTTPStrictTransportSecurityInterceptor" />
            <interceptor name="Clickjacking" class="com.keybox.common.interceptor.ClickjackingInterceptor" />
            <interceptor-stack name="keyboxStack">
                <interceptor-ref name="HSTS" />
                <interceptor-ref name="Clickjacking" />
                <interceptor-ref name="defaultStack"/>
            </interceptor-stack>
        </interceptors>

    </package>
    <constant name="struts.convention.default.parent.package" value="default"/>
</struts>